{
	"textures": {
		"0": "minecraft:item/iron_ingot/klok"
	},
	"elements": [
		{
			"from": [5.86428, 5.86428, 5.86428],
			"to": [10.13572, 10.13572, 10.13572],
			"light_emission": 0,
			"faces": {
				"north": {
					"uv": [1, 1, 3, 3],
					"texture": "#0"
				},
				"east": {
					"uv": [1, 3, 3, 5],
					"texture": "#0"
				},
				"south": {
					"uv": [3, 1, 5, 3],
					"texture": "#0"
				},
				"west": {
					"uv": [3, 3, 5, 5],
					"texture": "#0"
				},
				"up": {
					"uv": [3, 7, 1, 5],
					"texture": "#0"
				},
				"down": {
					"uv": [7, 1, 5, 3],
					"texture": "#0"
				}
			}
		}
	],
	"display": {
		"thirdperson_righthand": {
			"rotation": [144.73561, 30, -35.26439],
			"translation": [-0.65022, 34.95978, 1.11866],
			"scale": [1.38595, 1.38595, 1.38595]
		},
		"thirdperson_lefthand": {
			"rotation": [144.73561, 30, -35.26439],
			"translation": [-0.65022, 34.95978, 1.11866],
			"scale": [1.38595, 1.38595, 1.38595]
		},
		"firstperson_righthand": {
			"rotation": [144.65787, 40.60913, -59.02369],
			"translation": [-3.43427, 8.34809, 3.41018],
			"scale": [0.67425, 0.67425, 0.67425]
		},
		"firstperson_lefthand": {
			"rotation": [144.65787, 40.60913, -59.02369],
			"translation": [-3.43427, 8.34809, 3.41018],
			"scale": [0.67425, 0.67425, 0.67425]
		},
		"ground": {
			"rotation": [54.73561, 30, -35.26439],
			"translation": [-0.87868, -3.27208, -38.12132],
			"scale": [1.87291, 1.87291, 1.87291]
		},
		"gui": {
			"rotation": [120, -45, 90],
			"translation": [17.23573, -12.16567, 11.98145],
			"scale": [1.17057, 1.17057, 1.17057]
		},
		"head": {
			"rotation": [54.73561, 30, -35.26439],
			"translation": [-0.87868, -1.52208, -38.12132],
			"scale": [1.87291, 1.87291, 1.87291]
		},
		"fixed": {
			"rotation": [54.73561, 30, -35.26439],
			"translation": [-0.87868, -7.27208, -38.12132],
			"scale": [1.87291, 1.87291, 1.87291]
		}
	}
}